variable,F,p,eta2,significativa_bonf
"p7,7",593.5476822502033,0.0,0.7493312158329469,1
"p1,7",589.4430746460822,0.0,0.7480255067134468,1
"p7,4",265.82546507499245,5.34e-322,0.5724296499328249,1
"p5,6",261.9087080931501,1.006184e-318,0.5687926920056575,1
"p6,6",253.26365822946502,2.16331864031e-311,0.56054202765704,1
"p0,2",241.1444953018315,7.121809687601673e-301,0.5484295369800734,1
"p5,4",239.54570154641115,1.8262369000085088e-299,0.5467815891034015,1
"p3,4",236.98659212571238,3.3689395874950064e-297,0.5441186194892448,1
"p7,6",235.09879678208347,1.6125729552732719e-295,0.542134064871642,1
"p1,2",229.89711029833933,7.491940179301913e-291,0.5365752826865027,1
"p7,2",226.059896833192,2.2576795684273703e-287,0.5323873532191377,1
"p7,5",202.55169608661654,2.3685150999954122e-265,0.5049813865427519,1
"p5,2",202.44541188904418,2.9985957020231523e-265,0.5048501832280817,1
"p4,5",200.06070933564146,6.060655663904067e-263,0.5018879733626735,1
"p5,3",190.29707106084558,2.3292874602549923e-253,0.489380958325303,1
"p4,2",188.13205740307276,3.3486952514064336e-251,0.4865220687149371,1
"p0,7",186.21301092795915,2.801785066235754e-249,0.4839610798506778,1
"p4,1",183.89962718859917,5.99417931377399e-247,0.4808396787019612,1
"p6,5",172.80846976708264,1.4047470024132334e-235,0.4653344373272234,1
"p4,3",167.21536225856593,1.0220526292337732e-229,0.45715871359554594,1
"p0,3",161.67325951270192,8.055041012322916e-224,0.4488071268870244,1
"p4,4",155.40823077891423,4.795946063881142e-217,0.43905121591185836,1
"p2,5",152.45932752942522,8.144555378141057e-214,0.43433864168236647,1
"p6,2",149.0342531272542,4.968806497736355e-210,0.4287647376429675,1
"p1,1",146.29990238257034,5.556419854472823e-207,0.42423542679965215,1
"p3,2",146.1700333235197,7.765688526510712e-207,0.4240185180299859,1
"p2,4",144.11256968111002,1.5874429796709254e-204,0.4205601836516831,1
"p3,6",142.76855533458735,5.217041378563856e-203,0.4182785533733896,1
"p3,5",140.97066924296715,5.6962495188424925e-201,0.41519817600722936,1
"p2,7",140.1831479111692,4.4845090561441715e-200,0.41383859144675456,1
"p7,3",134.45569401327748,1.7041832774820517e-193,0.4037572129691242,1
"p6,7",133.105452199256,6.29428685528304e-192,0.4013298189627931,1
"p4,6",122.82394245786712,8.80154359950989e-180,0.38217728018461605,1
"p1,5",122.25975165199905,4.188529690877561e-179,0.3810907675078667,1
"p2,6",115.77505532107772,3.121305772134188e-171,0.36832256011654063,1
"p6,4",115.19443236587665,1.6105076750263443e-170,0.3671535834280991,1
"p5,5",113.99686741936105,4.7961096988051396e-169,0.3647287912034829,1
"p0,5",111.55118578063234,5.107989912643478e-166,0.35971867396361845,1
"p0,6",101.76592324371495,1.1469598436304084e-153,0.33885662674075157,1
"p2,3",100.48245770897807,5.113447885910252e-152,0.33601901180399346,1
"p6,3",91.40131523548574,3.7895038212305534e-140,0.3152238296203524,1
"p1,6",89.11656490547703,4.1875314300225654e-137,0.3097851983802113,1
"p0,1",86.15654662471088,3.9804256486242865e-133,0.30260935859396865,1
"p5,1",84.68867929809647,3.868182479821614e-131,0.2989952446582146,1
"p3,3",83.10283561944046,5.5728977051391713e-129,0.2950483217374063,1
"p3,1",81.79530529397661,3.4252948826979642e-127,0.291760492713012,1
"p7,1",69.65255503903917,3.4709564090749237e-110,0.2596959312103774,1
"p2,1",64.92253334085301,2.3194653638740763e-103,0.24640581542391007,1
"p2,2",57.546710461289905,1.7527790643420074e-92,0.224702074512315,1
"p1,3",53.28014516032639,4.696024864227316e-86,0.21156708524196266,1
"p0,4",47.40928906562285,4.8323943563628005e-77,0.19274823253152304,1
"p1,4",35.23083721019388,1.0413986640182545e-57,0.1506966970720775,1
"p3,7",15.87109046082111,3.0986624492622655e-25,0.07401640960055386,1
"p6,1",14.267048103782523,1.8062544909653686e-22,0.06703727827058996,1
"p5,7",10.60773060750682,3.7250322772797986e-16,0.05071506956166821,1
"p5,0",5.171475939765774,5.926999022858623e-07,0.025384338552464206,1
"p3,0",2.354788042601066,0.012172532575062817,0.01172059138632956,0
"p1,0",1.9971077164646795,0.03612310715256715,0.009958021418822526,0
"p2,0",1.731160448081033,0.07705413239041109,0.008643411218792963,0
"p6,0",0.9956080112921056,0.4413854090506957,0.004989236812736432,0
"p7,0",0.7028066409001841,0.7068533853242223,0.0035271124039816327,0
