variable,Can1,Can2
"p7,7",0.37221495355653417,0.3584480180513586
"p1,7",-0.312702106161916,0.10344400636117329
"p7,6",0.30116740509434103,0.15120585382536703
"p6,6",0.28154010919560835,-0.12322605911343591
"p0,2",0.27573103899146406,0.1360984415388325
"p1,2",0.2756406127515185,-0.00444238315355797
"p7,5",0.26510024806683585,-0.10685538913832625
"p0,3",0.2547930777315146,0.029084256808443378
"p7,2",0.23903300082848294,0.14323608447515626
"p6,5",0.2375212658949401,-0.25957599956546135
"p6,2",0.23090976693078996,-0.19576635592211958
"p7,3",0.2295826229764382,0.011772297152453643
"p4,2",-0.22519479250358082,-0.17181817146287187
"p5,4",-0.21874899623603067,0.3274550081436258
"p7,4",0.21696054518998187,-0.26508689070140806
"p2,6",-0.203848731051999,-0.02760076927175629
"p4,1",-0.2015658740351802,-0.21025889978742338
"p4,5",-0.19554946556054098,-0.15046477908137765
"p3,6",-0.18960881255089806,-0.10265983486784873
"p0,7",-0.18643225803938396,0.07367713159653416
"p1,6",-0.18628449297846572,0.10303485749332085
"p1,1",0.1853775698214325,0.07913248178772349
"p6,7",0.18374922424244883,0.13666339239985556
"p0,6",-0.17532588444085234,0.13243840199909948
"p3,5",-0.17033456804930588,-0.004985846770348164
"p2,7",-0.16964961527785596,0.047182487920815495
"p3,2",-0.14494137788896952,-0.20635003189133333
"p0,5",-0.14234308457457548,0.12069916444676186
"p5,1",-0.13875570135241266,-0.12129436131920115
"p2,1",0.1209170006887153,-0.019863401377089238
"p5,6",0.12055389538003713,-0.38610844993727805
"p5,3",-0.12042255965577062,0.2054695533407397
"p4,4",-0.11540400106538012,0.2889756249015805
"p4,3",-0.09803457803246696,0.214465330840301
"p4,6",-0.09642322822140509,-0.22510139318562597
"p0,1",0.09597990708723864,0.06896293725135942
"p0,4",-0.0920516900402645,0.014648519929757079
"p2,4",0.08285491192063077,0.1960917191888253
"p5,2",-0.0815384119168213,-0.24770899334017105
"p7,1",0.07993060383866286,0.064210881201676
"p2,3",-0.07923068165669196,0.0005964223862283644
"p3,1",-0.07072431224534768,-0.1387698153180996
"p6,3",0.06297496061247959,0.09155231621386876
"p3,7",-0.05654371390291694,0.015585039660217745
"p2,5",-0.05272302562733004,-0.025284656164704725
"p6,4",-0.04758872102300625,0.09391247624732749
"p3,4",0.04097253164371144,0.3227819451260467
"p5,5",-0.03663943402867025,-0.24768987444277213
"p5,0",-0.03599252317607788,-0.00046507229853842827
"p6,1",0.030241238582101166,-0.015982192911377865
"p1,3",-0.02762860115016745,-0.01728875072494757
"p1,5",-0.023958887067879592,-0.0032837406453373012
"p2,2",0.01964931471605954,-0.15861196400645147
"p6,0",-0.016014418130815968,0.001616964929675992
"p3,3",0.014940897352749545,0.10810642566086409
"p2,0",0.011207154035374567,0.012738716564638859
"p1,0",0.009583455111315838,0.006527718961961964
"p1,4",0.008775155474181798,0.03773668301152745
"p5,7",0.008371901821276386,-0.0356131768105876
"p7,0",-0.0005389160327556354,0.005252461680817011
"p3,0",0.00010185335035640063,0.006241256184683733
