espacio,eps,min_samples,n_clusters,pct_ruido,pct_mayor_cluster,silhouette
Original (61 var.),2.676,5,3,96.8280467445743,2.28158041179744,0.6444752702341755
Original (61 var.),3.318,5,18,78.13021702838063,6.176961602671119,0.31413467674357887
Original (61 var.),3.96,5,24,44.7968836950473,8.903728436282693,0.16724548703920472
Original (61 var.),4.602,5,10,19.421257651641625,52.19810795770729,0.022987608785458892
Original (61 var.),5.244,5,3,8.79243183082916,89.4268224819143,0.05207474753136082
Original (61 var.),5.886,5,2,4.451864218141346,95.15859766277129,0.29339982903339257
Original (61 var.),6.528,5,1,3.005008347245409,96.99499165275459,
Original (61 var.),7.169,5,2,1.8920422927100722,97.8297161936561,0.27676661655199497
Original (61 var.),7.811,5,2,1.5025041736227045,98.27490261547022,0.28145618217266055
Original (61 var.),8.453,5,1,1.2242626599888704,98.77573734001113,
Original (61 var.),9.095,5,1,1.05731775180857,98.94268224819143,
Original (61 var.),9.737,5,1,0.9460211463550361,99.05397885364496,
Original (61 var.),10.379,5,1,0.9460211463550361,99.05397885364496,
Original (61 var.),11.021,5,1,0.9460211463550361,99.05397885364496,
Original (61 var.),11.662,5,1,0.7234279354479688,99.27657206455203,
Original (61 var.),12.304,5,1,0.7234279354479688,99.27657206455203,
Original (61 var.),12.946,5,1,0.7234279354479688,99.27657206455203,
Original (61 var.),13.588,5,1,0.6121313299944352,99.38786867000556,
Original (61 var.),2.676,10,1,97.77406789092933,2.225932109070673,
Original (61 var.),3.318,10,4,88.9259877573734,4.006677796327212,0.3985573889284304
Original (61 var.),3.96,10,12,62.99387868670006,8.625486922648859,0.2823730081518223
Original (61 var.),4.602,10,8,32.832498608792434,39.17640511964385,0.10053431378955352
Original (61 var.),5.244,10,2,12.298274902615471,86.58875904284919,0.25285735232536766
Original (61 var.),5.886,10,2,6.288258208124652,92.43183082915971,0.2326815872709974
Original (61 var.),6.528,10,1,3.8397328881469113,96.16026711185309,
Original (61 var.),7.169,10,1,2.7824151363383414,97.21758486366166,
Original (61 var.),7.811,10,1,2.225932109070673,97.77406789092933,
Original (61 var.),8.453,10,1,1.613800779076238,98.38619922092376,
Original (61 var.),9.095,10,1,1.279910962715637,98.72008903728437,
Original (61 var.),9.737,10,1,1.1686143572621035,98.8313856427379,
Original (61 var.),10.379,10,1,0.9460211463550361,99.05397885364496,
Original (61 var.),11.021,10,1,0.9460211463550361,99.05397885364496,
Original (61 var.),11.662,10,1,0.8903728436282694,99.10962715637173,
Original (61 var.),12.304,10,1,0.7790762381747357,99.22092376182526,
Original (61 var.),12.946,10,1,0.7790762381747357,99.22092376182526,
Original (61 var.),13.588,10,1,0.667779632721202,99.3322203672788,
PCA 10 componentes,1.295,5,12,88.36950473010573,3.060656649972176,0.49379988254075785
PCA 10 componentes,1.619,5,28,63.49471341124095,7.401224262659989,0.35035671152431025
PCA 10 componentes,1.943,5,18,34.891485809682806,16.471897607122983,0.23902515723014658
PCA 10 componentes,2.267,5,10,15.915414579855314,61.04618809126322,0.06086790007924348
PCA 10 componentes,2.59,5,3,8.402893711741791,89.87200890372844,0.2388704906973148
PCA 10 componentes,2.914,5,2,4.618809126321647,94.99165275459099,0.2944771930077754
PCA 10 componentes,3.238,5,1,3.2832498608792435,96.71675013912076,
PCA 10 componentes,3.562,5,1,2.392877017250974,97.60712298274903,
PCA 10 componentes,3.886,5,1,1.613800779076238,98.38619922092376,
PCA 10 componentes,4.21,5,1,1.2242626599888704,98.77573734001113,
PCA 10 componentes,4.534,5,1,0.9460211463550361,99.05397885364496,
PCA 10 componentes,4.858,5,1,0.7234279354479688,99.27657206455203,
PCA 10 componentes,5.182,5,1,0.7234279354479688,99.27657206455203,
PCA 10 componentes,5.506,5,1,0.667779632721202,99.3322203672788,
PCA 10 componentes,5.829,5,1,0.6121313299944352,99.38786867000556,
PCA 10 componentes,6.153,5,1,0.6121313299944352,99.38786867000556,
PCA 10 componentes,6.477,5,1,0.4451864218141347,99.55481357818587,
PCA 10 componentes,6.801,5,1,0.4451864218141347,99.55481357818587,
PCA 10 componentes,1.295,10,3,95.60378408458541,1.8920422927100724,0.7511543220158606
PCA 10 componentes,1.619,10,7,80.74568725653867,5.676126878130217,0.5827414901777055
PCA 10 componentes,1.943,10,12,56.3717306622148,8.291597106288258,0.39531316782524545
PCA 10 componentes,2.267,10,10,28.82582081246522,32.3873121869783,0.23401555396238896
PCA 10 componentes,2.59,10,4,12.96605453533667,84.30717863105176,0.05602033800158948
PCA 10 componentes,2.914,10,1,6.956037840845854,93.04396215915415,
PCA 10 componentes,3.238,10,1,4.507512520868113,95.49248747913188,
PCA 10 componentes,3.562,10,1,3.116304952698943,96.88369504730106,
PCA 10 componentes,3.886,10,1,2.2815804117974405,97.71841958820256,
PCA 10 componentes,4.21,10,1,1.725097384529772,98.27490261547022,
PCA 10 componentes,4.534,10,1,1.3912075681691707,98.60879243183084,
PCA 10 componentes,4.858,10,1,1.1129660545353366,98.88703394546467,
PCA 10 componentes,5.182,10,1,0.9460211463550361,99.05397885364496,
PCA 10 componentes,5.506,10,1,0.8347245409015025,99.1652754590985,
PCA 10 componentes,5.829,10,1,0.7790762381747357,99.22092376182526,
PCA 10 componentes,6.153,10,1,0.667779632721202,99.3322203672788,
PCA 10 componentes,6.477,10,1,0.6121313299944352,99.38786867000556,
PCA 10 componentes,6.801,10,1,0.5008347245409015,99.49916527545909,
Embedding t-SNE 2D,1.348,5,83,18.14134668892599,4.785754034501948,0.3854522407054901
Embedding t-SNE 2D,1.608,5,55,7.345575959933222,8.514190317195325,0.27071115374565125
Embedding t-SNE 2D,1.868,5,34,4.563160823594881,9.84974958263773,0.35780325531959534
Embedding t-SNE 2D,2.128,5,23,1.8920422927100722,10.628825820812466,0.36942458152770996
Embedding t-SNE 2D,2.389,5,20,1.1686143572621035,13.466889259877574,0.39496564865112305
Embedding t-SNE 2D,2.649,5,19,0.8347245409015025,13.466889259877574,0.38686925172805786
Embedding t-SNE 2D,2.909,5,16,0.667779632721202,13.466889259877574,0.41275322437286377
Embedding t-SNE 2D,3.169,5,13,0.5564830272676683,14.969393433500278,0.42858293652534485
Embedding t-SNE 2D,3.43,5,13,0.4451864218141347,14.969393433500278,0.42806941270828247
Embedding t-SNE 2D,3.69,5,12,0.38953811908736785,17.195325542570952,0.39082133769989014
Embedding t-SNE 2D,3.95,5,11,0.27824151363383415,24.59654980523094,0.32242605090141296
Embedding t-SNE 2D,4.21,5,10,0.22259321090706735,24.65219810795771,0.337408185005188
Embedding t-SNE 2D,4.47,5,10,0.11129660545353368,24.76349471341124,0.3363953232765198
Embedding t-SNE 2D,4.731,5,9,0.11129660545353368,40.178074568725656,0.1926816999912262
Embedding t-SNE 2D,4.991,5,8,0.11129660545353368,50.97384529771842,0.04757874086499214
Embedding t-SNE 2D,5.251,5,7,0.11129660545353368,68.2804674457429,-0.10741621255874634
Embedding t-SNE 2D,5.511,5,6,0.11129660545353368,68.72565386755704,-0.02115604281425476
Embedding t-SNE 2D,5.771,5,4,0.11129660545353368,69.67167501391208,0.1413765698671341
Embedding t-SNE 2D,1.348,10,14,89.70506399554814,1.5025041736227045,0.7703747153282166
Embedding t-SNE 2D,1.608,10,47,55.48135781858653,2.559821925431274,0.6217708587646484
Embedding t-SNE 2D,1.868,10,35,25.598219254312742,6.844741235392321,0.4492405354976654
Embedding t-SNE 2D,2.128,10,27,14.134668892598775,9.237618252643294,0.467079222202301
Embedding t-SNE 2D,2.389,10,21,6.566499721758487,10.294936004451865,0.4890095293521881
Embedding t-SNE 2D,2.649,10,17,4.507512520868113,10.461880912632164,0.5045786499977112
Embedding t-SNE 2D,2.909,10,15,3.1719532554257093,10.573177518085698,0.5310162901878357
Embedding t-SNE 2D,3.169,10,11,1.725097384529772,14.913745130773512,0.46827444434165955
Embedding t-SNE 2D,3.43,10,11,1.3912075681691707,14.969393433500278,0.46563026309013367
Embedding t-SNE 2D,3.69,10,11,1.279910962715637,15.025041736227045,0.46462610363960266
Embedding t-SNE 2D,3.95,10,11,1.1686143572621035,15.025041736227045,0.463388055562973
Embedding t-SNE 2D,4.21,10,9,1.1129660545353366,17.306622148024484,0.5130695104598999
Embedding t-SNE 2D,4.47,10,9,1.1129660545353366,17.306622148024484,0.5130695104598999
Embedding t-SNE 2D,4.731,10,7,0.8903728436282694,40.12242626599889,0.3007366955280304
Embedding t-SNE 2D,4.991,10,7,0.8347245409015025,40.345019476905954,0.2986619472503662
Embedding t-SNE 2D,5.251,10,6,0.8347245409015025,57.65164162493044,0.10721570253372192
Embedding t-SNE 2D,5.511,10,6,0.7790762381747357,57.65164162493044,0.1073259562253952
Embedding t-SNE 2D,5.771,10,5,0.333889816360601,68.78130217028381,0.018209557980298996
