k,pseudo_f,silhouette,inercia,ari_vs_digito
2,164.3207056689189,0.10563771488565678,100423.84303432581,0.12661376720008016
3,150.78183739558054,0.10528662100152755,93842.48274851298,0.2232057800032182
4,136.68500890123912,0.09538583630010021,89213.96815678928,0.2969285315198666
5,129.093922762778,0.10229832879268369,85096.05466801398,0.29424100591635677
6,122.52412456936251,0.09878895847774911,81678.4666989072,0.3589941349906486
7,122.280013238991,0.11349373740385259,77749.32789579664,0.3824759849852855
8,118.68931519733428,0.12659037328976042,74854.1591715089,0.46867904344825834
9,116.62901460557492,0.13598453312825656,72029.7253335189,0.4619963527641683
10,113.20428884329966,0.13937726851699633,69813.55913652507,0.5344065110201505
11,112.46539500392923,0.15319412999429816,67261.8474612405,0.542149566995951
12,111.2530002593815,0.15432497021238875,65031.72372831531,0.5512406529033256
13,110.9822836306944,0.15652677762481138,62763.18075361627,0.5505648583536152
14,105.47952479589277,0.15619549867067284,61963.41869627035,0.5669027041040003
15,107.07719112145406,0.15830708064242802,59534.498937093216,0.5683258264507228
