m,err_oob,err_test,fuerza,correlacion,cota_breiman,acierto_arbol_solo,brecha_oob_test
1,0.03768844221105527,0.052631578947368474,0.7680701754385963,0.2521705443534424,0.1752865731437651,0.8840350877192983,-0.0149431367363132
2,0.04020100502512558,0.05847953216374269,0.801130604288499,0.31763562730639877,0.1772701952755098,0.9005653021442495,-0.018278527138617107
3,0.03015075376884424,0.05847953216374269,0.8176608187134502,0.34962175327198847,0.1733184984038547,0.9088304093567251,-0.028328778394898446
4,0.03768844221105527,0.06432748538011701,0.8225730994152045,0.3580478298874231,0.17111830214176255,0.9112865497076024,-0.026639043169061738
5,0.03266331658291455,0.05847953216374269,0.8282261208576998,0.36809079238684334,0.16851716346641982,0.9141130604288499,-0.02581621558082814
6,0.03266331658291455,0.052631578947368474,0.8292007797270955,0.3684934270980834,0.16743937861006686,0.9146003898635477,-0.019968262364453926
8,0.03266331658291455,0.05847953216374269,0.8386744639376218,0.3829288139079973,0.16148759562170328,0.9193372319688109,-0.02581621558082814
10,0.03015075376884424,0.06432748538011701,0.8363742690058479,0.3952048504304131,0.16975936347474066,0.918187134502924,-0.03417673161127277
12,0.03266331658291455,0.05847953216374269,0.836374269005848,0.3990455531080515,0.17140912875758443,0.918187134502924,-0.02581621558082814
15,0.03266331658291455,0.06432748538011701,0.8376218323586746,0.4090716115253928,0.1739751192255755,0.9188109161793372,-0.03166416879720246
18,0.03266331658291455,0.052631578947368474,0.8382846003898637,0.3945992196515176,0.16693114537533305,0.9191423001949318,-0.019968262364453926
21,0.03768844221105527,0.052631578947368474,0.8380506822612086,0.39019413648157103,0.16537763466994035,0.9190253411306043,-0.0149431367363132
24,0.03266331658291455,0.052631578947368474,0.8371929824561405,0.39839835602664214,0.1700177550731021,0.9185964912280702,-0.019968262364453926
27,0.042713567839196,0.052631578947368474,0.8385575048732943,0.39902645294018346,0.16843450569520504,0.9192787524366471,-0.009918011108172475
30,0.03768844221105527,0.05847953216374269,0.8355945419103313,0.4127104380791044,0.17838044918169613,0.9177972709551657,-0.020791089952687414
