variable,gini,permutacion,permutacion_sd,es_ruido,rank_gini,rank_perm
mean radius,0.056368632531887675,0.0021442495126705375,0.0035357421339604223,False,7,16
mean texture,0.01125558587204619,0.011890838206627648,0.004397861275898041,False,17,2
mean perimeter,0.06868945071003377,0.001754385964912264,0.0026798688274595303,False,6,17
mean area,0.0498442088802357,0.0007797270955165618,0.0019879218376579865,False,8,22
mean smoothness,0.00701072816627684,0.00019493177387914045,0.001049739728486248,False,22,23
mean compactness,0.012008831703735198,0.0,0.0,False,15,28
mean concavity,0.04257482799492921,0.00623781676413252,0.0036779653536283085,False,10,3
mean concave points,0.08609308986652502,0.002923976608187114,0.0036206970021455407,False,5,10
mean symmetry,0.005084217722347326,0.0,0.0,False,24,28
mean fractal dimension,0.0035455851361897296,0.0,0.0,False,30,28
radius error,0.011958698595655478,0.002729044834307966,0.0029174716466073337,False,16,12
texture error,0.0036492644657807804,0.0,0.0,False,28,28
perimeter error,0.010473195514350402,0.002144249512670545,0.0028180959638987955,False,19,14
area error,0.027046147862928478,0.005847953216374236,0.004270741189124097,False,11,4
smoothness error,0.0041356786696996285,0.0,0.0,False,27,28
compactness error,0.004197531325172977,0.002144249512670545,0.0028180959638987955,False,26,14
concavity error,0.008304912706724184,0.0,0.0,False,20,28
concave points error,0.0068761551236168495,0.0,0.0,False,23,28
symmetry error,0.003575376944631077,0.0009746588693957022,0.002179403486841879,False,29,21
fractal dimension error,0.004340630186748294,0.003508771929824528,0.0028649002839569063,False,25,8
worst radius,0.12504685579294597,0.0025341130604288257,0.00822649038830767,False,1,13
worst texture,0.01678872743595302,0.013840155945419064,0.004397861275898033,False,14,1
worst perimeter,0.11301675629284692,0.003313840155945395,0.005585399135241487,False,3,9
worst area,0.09837839211957661,0.0035087719298245463,0.007178149177201544,False,4,7
worst smoothness,0.017320879189644606,0.0027290448343079737,0.004198958913945023,False,13,11
worst compactness,0.020760271071165123,0.0015594541910331236,0.002586062214702042,False,12,18
worst concavity,0.04541523644961938,0.004288499025341097,0.006570097289026403,False,9,5
worst concave points,0.11321452452910911,0.0040935672514619565,0.006253027264072293,False,2,6
worst symmetry,0.011113884895496588,0.0015594541910331236,0.002586062214702042,False,18,18
worst fractal dimension,0.007356338646820053,0.001364522417153983,0.002473406927962846,False,21,20
ruido continuo,0.003070332362206147,0.0,0.0,True,31,28
ruido 4 niveles,0.000953344295118173,0.0,0.0,True,32,28
ruido binario,0.000531706939983421,0.0,0.0,True,33,28
