particion,err_oob,err_test,brecha
0,0.03266331658291455,0.05847953216374269,-0.02581621558082814
1,0.03015075376884424,0.06432748538011701,-0.03417673161127277
2,0.05025125628140703,0.023391812865497075,0.026859443415909956
3,0.045226130653266305,0.040935672514619936,0.004290458138646369
4,0.04020100502512558,0.03508771929824561,0.005113285726879968
5,0.03266331658291455,0.052631578947368474,-0.019968262364453926
6,0.042713567839196,0.052631578947368474,-0.009918011108172475
7,0.04020100502512558,0.052631578947368474,-0.012430573922242893
8,0.047738693467336724,0.0292397660818714,0.018498927385465325
9,0.04020100502512558,0.05847953216374269,-0.018278527138617107
10,0.045226130653266305,0.0292397660818714,0.015986364571394907
11,0.042713567839196,0.05847953216374269,-0.01576596432454669
12,0.04020100502512558,0.023391812865497075,0.016809192159628505
13,0.045226130653266305,0.03508771929824561,0.010138411355020693
14,0.042713567839196,0.04678362573099415,-0.004070057891798151
15,0.047738693467336724,0.0292397660818714,0.018498927385465325
16,0.03266331658291455,0.05847953216374269,-0.02581621558082814
17,0.03768844221105527,0.03508771929824561,0.002600722912809661
18,0.03266331658291455,0.03508771929824561,-0.0024244027153310643
19,0.03768844221105527,0.052631578947368474,-0.0149431367363132
