n_arboles,err_oob,err_test
10,0.05025125628140703,0.07017543859649122
20,0.055276381909547756,0.07017543859649122
30,0.05276381909547734,0.06432748538011701
50,0.05025125628140703,0.07602339181286555
75,0.045226130653266305,0.05847953216374269
100,0.042713567839196,0.06432748538011701
150,0.03768844221105527,0.05847953216374269
200,0.03266331658291455,0.05847953216374269
300,0.03266331658291455,0.05847953216374269
400,0.035175879396984966,0.052631578947368474
600,0.03266331658291455,0.052631578947368474
800,0.03266331658291455,0.052631578947368474
1000,0.03266331658291455,0.052631578947368474
