ronda,eps,alpha,peso_mal_r1,peso_bien_r1,peso_max,share_top10,peso_uniforme
0,,,0.002512562814070352,0.002512562814070352,0.002512562814070352,0.09798994974874371,0.002512562814070352
1,0.07286432160804018,1.2717504070270267,0.017241379310344827,0.0013550135501355014,0.01724137931034483,0.513550135501355,0.002512562814070352
2,0.10419586954490231,1.0757246479126787,0.019707825258415263,0.001161173624677391,0.08273542600896862,0.6365493540187063,0.002512562814070352
3,0.1472618888345204,0.8781199605283777,0.0124877459458573,0.0017286053321683961,0.048511626797053786,0.49159315797245584,0.002512562814070352
4,0.22864120308461672,0.6079998274394934,0.01796966033911855,0.0012977773717223902,0.10608679919143961,0.6410946257493113,0.002512562814070352
5,0.25568623576441285,0.5342558104166535,0.014009557656111345,0.0016090049538557483,0.07126483768602017,0.5954495606758432,0.002512562814070352
6,0.23989092670214113,0.5766387962580314,0.015542342882815655,0.0014885421582611002,0.1485359172723228,0.6285732493900105,0.002512562814070352
7,0.2792983555207931,0.4739723293170846,0.013607431017372372,0.0016406084024287292,0.10304952015175275,0.6201948638871075,0.002512562814070352
8,0.22660293684873162,0.6137966364183546,0.0177515903547271,0.0013149156631786288,0.07176097809642548,0.6779624528544992,0.002512562814070352
9,0.26357254324771884,0.5137410486178224,0.015548985594652924,0.0014880201023172502,0.1263814392218205,0.6570027084242744,0.002512562814070352
10,0.29386195646765234,0.4383503131073303,0.013878241905410921,0.0016193251619053748,0.08948777110890149,0.6488521447957172,0.002512562814070352
11,0.30543382473072667,0.41077715013255506,0.016731067393448037,0.001395119364742566,0.14649289610899308,0.7011410127065156,0.002512562814070352
12,0.30439080828822707,0.41323778355006613,0.017208403797059086,0.0013576051216403432,0.1052982751338432,0.679508623349185,0.002512562814070352
13,0.2442419507518481,0.5647809744276412,0.014229093574771827,0.0015917514534732164,0.06966401167582448,0.6728685852388083,0.002512562814070352
14,0.3270893323496796,0.3606896310571078,0.015298954676057243,0.0015076702287109482,0.1064908035602781,0.6896691992505433,0.002512562814070352
15,0.303165459908152,0.4161346325658443,0.012275459072340858,0.0017452891243959759,0.0764103940271401,0.6381691923767271,0.002512562814070352
16,0.3134270124061634,0.3920730101492523,0.016899157957938137,0.001381908995175594,0.12189503616893349,0.7042870274923111,0.002512562814070352
17,0.29013646474230637,0.4473606836622132,0.012609509427245843,0.0017190358444711938,0.08585807702087651,0.6282512901757604,0.002512562814070352
18,0.2949817539675762,0.4356550899524087,0.015731946218829757,0.001473641083073,0.06089067730094456,0.6926447759533757,0.002512562814070352
19,0.3129543136007219,0.39317178718534596,0.01373754223207333,0.001630382859809955,0.09728365236503982,0.7023675865624897,0.002512562814070352
20,0.2603941514360486,0.5219604785308893,0.015505841007085849,0.0014914108693618166,0.06576722760773841,0.6920114341706651,0.002512562814070352
21,0.3324886858302297,0.3484752541295621,0.013023762290793802,0.0016864793863603789,0.04926300589341893,0.6616556585472697,0.002512562814070352
22,0.30567294235037895,0.4102136998041769,0.015624818857349468,0.0014820603066039715,0.0805812341691516,0.7049913295813073,0.002512562814070352
23,0.3191015331464975,0.3789519314854596,0.013547869918749171,0.0016452893559790623,0.06570334021910457,0.6690628751493852,0.002512562814070352
24,0.2919216803617807,0.4430345800906499,0.013452202146008826,0.0016528079614247808,0.10135034159806873,0.7376247084289925,0.002512562814070352
25,0.3170050987950702,0.3837847679875174,0.013287590601007761,0.0016657449121159208,0.07419553309934518,0.6902198920805391,0.002512562814070352
26,0.3363709451250606,0.3397543933636302,0.015347008592095335,0.001503893633683565,0.1102882608837689,0.7354032744800865,0.002512562814070352
27,0.3213043571739082,0.3738919783503305,0.012351896002383714,0.001739281885991524,0.08125016128328749,0.7277631149909618,0.002512562814070352
28,0.2843524782284198,0.4614865842940918,0.01293510551077315,0.001693446992378262,0.056766885101588366,0.6985168919082674,0.002512562814070352
29,0.3712950392741172,0.2633325425696339,0.016217013043413393,0.0014355193001111424,0.0764444432284468,0.7450472729917113,0.002512562814070352
30,0.3055265840585777,0.4105585452294305,0.012527723068486377,0.001725463498682643,0.06246779743970979,0.6793985242451519,0.002512562814070352
31,0.30102683218824494,0.4212064753516274,0.012832802718460806,0.0017014870492266575,0.09141660663421103,0.7241841750483609,0.002512562814070352
32,0.3660653915206325,0.2745669125592696,0.017148074995879843,0.001362346409537899,0.12486376580761602,0.7663482718551805,0.002512562814070352
33,0.3257768595626601,0.36367422894247603,0.013077207203252877,0.0016822791086874432,0.09259824998488052,0.7164127216592591,0.002512562814070352
34,0.37060241341314826,0.26481666207427795,0.015795711570601372,0.0014686297139635774,0.12492936720524243,0.7473510620862994,0.002512562814070352
35,0.41825940371628056,0.16496140721204466,0.01690919327889422,0.0013811203114148178,0.10737549347880943,0.7661502383278633,0.002512562814070352
36,0.3232350803458759,0.36947205642768,0.01357250197943016,0.0016433535029716133,0.07932997881575042,0.7329308890100571,0.002512562814070352
37,0.3289087648826127,0.356562347343291,0.014394977961580197,0.0015787144691441035,0.1205957202813723,0.7320029388100551,0.002512562814070352
38,0.32059549469619314,0.3755182498256203,0.016810348943626218,0.001388888565406069,0.08875104546697547,0.76256911507964,0.002512562814070352
39,0.3120842267356622,0.3951966494972849,0.016201424845866886,0.0014367443888072095,0.1421908540449055,0.7896932993103656,0.002512562814070352
40,0.33263604554722065,0.34814330999711407,0.017594549375932866,0.0013272576371218068,0.10653171563745766,0.7739970911126257,0.002512562814070352
41,0.3715054044724403,0.26288200861737454,0.01793911032911968,0.0013001783210176943,0.14337841974161725,0.8029465714050676,0.002512562814070352
42,0.266839516541792,0.5053586012357136,0.013533012255244375,0.0016464570314306585,0.09778106088405279,0.7575843978361281,0.002512562814070352
43,0.36927627781257344,0.26766142059392406,0.015285065158117629,0.0015087618168417038,0.07751497006085026,0.77362654391213,0.002512562814070352
44,0.3300101289062581,0.35406962342769494,0.01336102550331995,0.0016599736054301393,0.06732485703847256,0.7429921080854535,0.002512562814070352
45,0.31961639144474435,0.3777676346929098,0.015425761865037028,0.0014977043520702608,0.09049577659646689,0.7778959791039047,0.002512562814070352
46,0.35222260095516494,0.30464187627083444,0.017603580302023983,0.0013265478895428309,0.12846389804495575,0.8086445481130253,0.002512562814070352
47,0.3008409958370052,0.4216481589957487,0.014043269727331689,0.0016063554956839597,0.09187030223457365,0.8008741974222726,0.002512562814070352
48,0.3214697489242301,0.37351280890230126,0.014980295468596031,0.0015327139062621003,0.07410602019748064,0.7807224011877991,0.002512562814070352
49,0.31716183783150087,0.3834228535089712,0.013012783453361943,0.0016873422218225034,0.10672471736483288,0.7983401729313584,0.002512562814070352
50,0.3544046717521593,0.2998667399227148,0.015223369634553507,0.0015136105165256054,0.08265604837513772,0.812284942728433,0.002512562814070352
