m,err_train_limpio,err_test_limpio,err_train_ruido,err_test_ruido
1,0.07286432160804024,0.08771929824561409,0.1532663316582915,0.0935672514619883
2,0.07286432160804024,0.08771929824561409,0.1532663316582915,0.0935672514619883
3,0.025125628140703515,0.06432748538011701,0.1532663316582915,0.0935672514619883
4,0.025125628140703515,0.06432748538011701,0.1532663316582915,0.0935672514619883
5,0.027638190954773822,0.08187134502923976,0.14321608040201006,0.09941520467836262
6,0.022613065326633208,0.05847953216374269,0.1532663316582915,0.0935672514619883
7,0.02010050251256279,0.07602339181286555,0.13819095477386933,0.08187134502923976
8,0.017587939698492483,0.052631578947368474,0.14321608040201006,0.0935672514619883
9,0.015075376884422065,0.06432748538011701,0.13819095477386933,0.08187134502923976
10,0.012562814070351758,0.052631578947368474,0.13819095477386933,0.0935672514619883
11,0.012562814070351758,0.05847953216374269,0.13567839195979903,0.08187134502923976
12,0.01005025125628145,0.05847953216374269,0.1331658291457286,0.08771929824561409
13,0.007537688442211032,0.06432748538011701,0.13819095477386933,0.0935672514619883
14,0.002512562814070307,0.05847953216374269,0.12311557788944727,0.08187134502923976
15,0.005025125628140725,0.052631578947368474,0.1331658291457286,0.0935672514619883
16,0.002512562814070307,0.052631578947368474,0.1331658291457286,0.08771929824561409
17,0.002512562814070307,0.052631578947368474,0.1306532663316583,0.0935672514619883
18,0.0,0.052631578947368474,0.11306532663316582,0.08771929824561409
19,0.002512562814070307,0.04678362573099415,0.12060301507537685,0.08187134502923976
20,0.0,0.040935672514619936,0.12060301507537685,0.08187134502923976
21,0.0,0.04678362573099415,0.128140703517588,0.08771929824561409
22,0.0,0.04678362573099415,0.12060301507537685,0.08187134502923976
23,0.0,0.04678362573099415,0.128140703517588,0.08771929824561409
24,0.0,0.040935672514619936,0.12562814070351758,0.08187134502923976
25,0.0,0.052631578947368474,0.128140703517588,0.08187134502923976
26,0.0,0.05847953216374269,0.11809045226130654,0.08187134502923976
27,0.0,0.052631578947368474,0.12311557788944727,0.09941520467836262
28,0.0,0.05847953216374269,0.11809045226130654,0.08187134502923976
29,0.0,0.052631578947368474,0.11809045226130654,0.0935672514619883
30,0.0,0.052631578947368474,0.12060301507537685,0.08187134502923976
31,0.0,0.040935672514619936,0.11809045226130654,0.09941520467836262
32,0.0,0.05847953216374269,0.11809045226130654,0.07602339181286555
33,0.0,0.052631578947368474,0.11557788944723613,0.08771929824561409
34,0.0,0.05847953216374269,0.11809045226130654,0.07602339181286555
35,0.0,0.04678362573099415,0.11557788944723613,0.08771929824561409
36,0.0,0.05847953216374269,0.11809045226130654,0.07602339181286555
37,0.0,0.052631578947368474,0.11055276381909551,0.0935672514619883
38,0.0,0.04678362573099415,0.11557788944723613,0.07602339181286555
39,0.0,0.052631578947368474,0.11557788944723613,0.07602339181286555
40,0.0,0.04678362573099415,0.11306532663316582,0.07602339181286555
41,0.0,0.04678362573099415,0.11055276381909551,0.07602339181286555
42,0.0,0.04678362573099415,0.11055276381909551,0.08187134502923976
43,0.0,0.04678362573099415,0.11306532663316582,0.08187134502923976
44,0.0,0.04678362573099415,0.10301507537688437,0.08187134502923976
45,0.0,0.04678362573099415,0.11055276381909551,0.07602339181286555
46,0.0,0.04678362573099415,0.0879396984924623,0.08187134502923976
47,0.0,0.04678362573099415,0.10050251256281406,0.0935672514619883
48,0.0,0.04678362573099415,0.085427135678392,0.08187134502923976
49,0.0,0.040935672514619936,0.08291457286432158,0.09941520467836262
50,0.0,0.040935672514619936,0.09296482412060303,0.08187134502923976
51,0.0,0.040935672514619936,0.09798994974874375,0.10526315789473684
52,0.0,0.04678362573099415,0.09547738693467334,0.09941520467836262
53,0.0,0.040935672514619936,0.09296482412060303,0.10526315789473684
54,0.0,0.04678362573099415,0.09547738693467334,0.08771929824561409
55,0.0,0.04678362573099415,0.09045226130653261,0.09941520467836262
56,0.0,0.04678362573099415,0.09547738693467334,0.0935672514619883
57,0.0,0.052631578947368474,0.09045226130653261,0.09941520467836262
58,0.0,0.052631578947368474,0.09547738693467334,0.0935672514619883
59,0.0,0.04678362573099415,0.09045226130653261,0.0935672514619883
60,0.0,0.052631578947368474,0.09045226130653261,0.0935672514619883
61,0.0,0.040935672514619936,0.09045226130653261,0.08771929824561409
62,0.0,0.040935672514619936,0.09296482412060303,0.0935672514619883
63,0.0,0.040935672514619936,0.08291457286432158,0.08771929824561409
64,0.0,0.040935672514619936,0.0879396984924623,0.0935672514619883
65,0.0,0.040935672514619936,0.0879396984924623,0.0935672514619883
66,0.0,0.040935672514619936,0.08291457286432158,0.09941520467836262
67,0.0,0.040935672514619936,0.08291457286432158,0.08771929824561409
68,0.0,0.040935672514619936,0.08040201005025127,0.08771929824561409
69,0.0,0.040935672514619936,0.08291457286432158,0.0935672514619883
70,0.0,0.040935672514619936,0.07035175879396982,0.08771929824561409
71,0.0,0.04678362573099415,0.08040201005025127,0.0935672514619883
72,0.0,0.04678362573099415,0.07035175879396982,0.0935672514619883
73,0.0,0.04678362573099415,0.07537688442211055,0.0935672514619883
74,0.0,0.04678362573099415,0.07537688442211055,0.0935672514619883
75,0.0,0.04678362573099415,0.07035175879396982,0.0935672514619883
76,0.0,0.04678362573099415,0.07537688442211055,0.0935672514619883
77,0.0,0.04678362573099415,0.06783919597989951,0.0935672514619883
78,0.0,0.04678362573099415,0.07286432160804024,0.0935672514619883
79,0.0,0.04678362573099415,0.07537688442211055,0.08771929824561409
80,0.0,0.04678362573099415,0.07035175879396982,0.0935672514619883
81,0.0,0.04678362573099415,0.07286432160804024,0.08771929824561409
82,0.0,0.04678362573099415,0.07286432160804024,0.08771929824561409
83,0.0,0.04678362573099415,0.07035175879396982,0.08187134502923976
84,0.0,0.04678362573099415,0.07286432160804024,0.0935672514619883
85,0.0,0.04678362573099415,0.07788944723618085,0.08187134502923976
86,0.0,0.04678362573099415,0.06281407035175879,0.0935672514619883
87,0.0,0.04678362573099415,0.06281407035175879,0.0935672514619883
88,0.0,0.040935672514619936,0.06030150753768848,0.0935672514619883
89,0.0,0.04678362573099415,0.06281407035175879,0.09941520467836262
90,0.0,0.040935672514619936,0.0653266331658291,0.08187134502923976
91,0.0,0.04678362573099415,0.06783919597989951,0.08187134502923976
92,0.0,0.040935672514619936,0.06030150753768848,0.0935672514619883
93,0.0,0.040935672514619936,0.06783919597989951,0.08771929824561409
94,0.0,0.040935672514619936,0.055276381909547756,0.0935672514619883
95,0.0,0.04678362573099415,0.06281407035175879,0.07602339181286555
96,0.0,0.04678362573099415,0.05778894472361806,0.08771929824561409
97,0.0,0.040935672514619936,0.06281407035175879,0.07602339181286555
98,0.0,0.04678362573099415,0.05778894472361806,0.08187134502923976
99,0.0,0.040935672514619936,0.06281407035175879,0.07602339181286555
100,0.0,0.04678362573099415,0.05778894472361806,0.08187134502923976
101,0.0,0.040935672514619936,0.055276381909547756,0.08187134502923976
102,0.0,0.04678362573099415,0.05778894472361806,0.08187134502923976
103,0.0,0.040935672514619936,0.055276381909547756,0.08187134502923976
104,0.0,0.04678362573099415,0.06030150753768848,0.08187134502923976
105,0.0,0.040935672514619936,0.05276381909547734,0.08187134502923976
106,0.0,0.040935672514619936,0.055276381909547756,0.08771929824561409
107,0.0,0.040935672514619936,0.0653266331658291,0.07602339181286555
108,0.0,0.03508771929824561,0.05276381909547734,0.08187134502923976
109,0.0,0.040935672514619936,0.0653266331658291,0.07602339181286555
110,0.0,0.040935672514619936,0.05778894472361806,0.07602339181286555
111,0.0,0.040935672514619936,0.06030150753768848,0.08187134502923976
112,0.0,0.040935672514619936,0.055276381909547756,0.08187134502923976
113,0.0,0.040935672514619936,0.055276381909547756,0.08187134502923976
114,0.0,0.040935672514619936,0.055276381909547756,0.08187134502923976
115,0.0,0.040935672514619936,0.055276381909547756,0.08187134502923976
116,0.0,0.040935672514619936,0.055276381909547756,0.08187134502923976
117,0.0,0.040935672514619936,0.05025125628140703,0.08771929824561409
118,0.0,0.040935672514619936,0.06030150753768848,0.07602339181286555
119,0.0,0.040935672514619936,0.055276381909547756,0.08187134502923976
120,0.0,0.040935672514619936,0.05778894472361806,0.08187134502923976
121,0.0,0.040935672514619936,0.055276381909547756,0.08187134502923976
122,0.0,0.040935672514619936,0.05778894472361806,0.08187134502923976
123,0.0,0.040935672514619936,0.055276381909547756,0.08187134502923976
124,0.0,0.040935672514619936,0.05778894472361806,0.08187134502923976
125,0.0,0.040935672514619936,0.05778894472361806,0.07602339181286555
126,0.0,0.040935672514619936,0.047738693467336724,0.08187134502923976
127,0.0,0.040935672514619936,0.05778894472361806,0.07602339181286555
128,0.0,0.04678362573099415,0.045226130653266305,0.08771929824561409
129,0.0,0.04678362573099415,0.05276381909547734,0.08187134502923976
130,0.0,0.040935672514619936,0.05778894472361806,0.07602339181286555
131,0.0,0.040935672514619936,0.05276381909547734,0.07602339181286555
132,0.0,0.04678362573099415,0.047738693467336724,0.08771929824561409
133,0.0,0.040935672514619936,0.055276381909547756,0.07602339181286555
134,0.0,0.040935672514619936,0.04020100502512558,0.08771929824561409
135,0.0,0.040935672514619936,0.05276381909547734,0.07602339181286555
136,0.0,0.040935672514619936,0.047738693467336724,0.08187134502923976
137,0.0,0.040935672514619936,0.055276381909547756,0.07602339181286555
138,0.0,0.04678362573099415,0.042713567839196,0.08771929824561409
139,0.0,0.04678362573099415,0.05276381909547734,0.07602339181286555
140,0.0,0.04678362573099415,0.04020100502512558,0.08187134502923976
141,0.0,0.04678362573099415,0.05276381909547734,0.07602339181286555
142,0.0,0.040935672514619936,0.042713567839196,0.08187134502923976
143,0.0,0.040935672514619936,0.055276381909547756,0.08187134502923976
144,0.0,0.040935672514619936,0.03768844221105527,0.07602339181286555
145,0.0,0.040935672514619936,0.045226130653266305,0.08187134502923976
146,0.0,0.040935672514619936,0.04020100502512558,0.07602339181286555
147,0.0,0.04678362573099415,0.05025125628140703,0.07017543859649122
148,0.0,0.040935672514619936,0.03768844221105527,0.08187134502923976
149,0.0,0.04678362573099415,0.045226130653266305,0.08187134502923976
150,0.0,0.040935672514619936,0.03768844221105527,0.08187134502923976
151,0.0,0.040935672514619936,0.042713567839196,0.08187134502923976
152,0.0,0.040935672514619936,0.03768844221105527,0.08187134502923976
153,0.0,0.040935672514619936,0.04020100502512558,0.08187134502923976
154,0.0,0.040935672514619936,0.045226130653266305,0.08187134502923976
155,0.0,0.040935672514619936,0.035175879396984966,0.07602339181286555
156,0.0,0.040935672514619936,0.047738693467336724,0.08187134502923976
157,0.0,0.040935672514619936,0.035175879396984966,0.07602339181286555
158,0.0,0.040935672514619936,0.03768844221105527,0.0935672514619883
159,0.0,0.040935672514619936,0.03015075376884424,0.07017543859649122
160,0.0,0.040935672514619936,0.03768844221105527,0.07602339181286555
161,0.0,0.040935672514619936,0.04020100502512558,0.06432748538011701
162,0.0,0.040935672514619936,0.03266331658291455,0.07602339181286555
163,0.0,0.040935672514619936,0.04020100502512558,0.07602339181286555
164,0.0,0.040935672514619936,0.03768844221105527,0.07602339181286555
165,0.0,0.040935672514619936,0.04020100502512558,0.07602339181286555
166,0.0,0.040935672514619936,0.03015075376884424,0.07602339181286555
167,0.0,0.040935672514619936,0.03266331658291455,0.06432748538011701
168,0.0,0.040935672514619936,0.027638190954773822,0.07602339181286555
169,0.0,0.040935672514619936,0.03266331658291455,0.07017543859649122
170,0.0,0.040935672514619936,0.027638190954773822,0.07602339181286555
171,0.0,0.040935672514619936,0.03266331658291455,0.07017543859649122
172,0.0,0.040935672514619936,0.03266331658291455,0.06432748538011701
173,0.0,0.040935672514619936,0.03015075376884424,0.07602339181286555
174,0.0,0.040935672514619936,0.03015075376884424,0.06432748538011701
175,0.0,0.040935672514619936,0.027638190954773822,0.07602339181286555
176,0.0,0.040935672514619936,0.03266331658291455,0.07017543859649122
177,0.0,0.040935672514619936,0.027638190954773822,0.07602339181286555
178,0.0,0.040935672514619936,0.03015075376884424,0.07017543859649122
179,0.0,0.040935672514619936,0.027638190954773822,0.07602339181286555
180,0.0,0.040935672514619936,0.03015075376884424,0.07017543859649122
181,0.0,0.040935672514619936,0.027638190954773822,0.07602339181286555
182,0.0,0.040935672514619936,0.03015075376884424,0.07017543859649122
183,0.0,0.040935672514619936,0.025125628140703515,0.07602339181286555
184,0.0,0.040935672514619936,0.03015075376884424,0.07017543859649122
185,0.0,0.040935672514619936,0.025125628140703515,0.07602339181286555
186,0.0,0.040935672514619936,0.03015075376884424,0.06432748538011701
187,0.0,0.040935672514619936,0.025125628140703515,0.07602339181286555
188,0.0,0.040935672514619936,0.02010050251256279,0.07602339181286555
189,0.0,0.040935672514619936,0.025125628140703515,0.07602339181286555
190,0.0,0.040935672514619936,0.022613065326633208,0.07602339181286555
191,0.0,0.040935672514619936,0.022613065326633208,0.07017543859649122
192,0.0,0.040935672514619936,0.015075376884422065,0.07602339181286555
193,0.0,0.040935672514619936,0.017587939698492483,0.07017543859649122
194,0.0,0.040935672514619936,0.015075376884422065,0.07602339181286555
195,0.0,0.040935672514619936,0.02010050251256279,0.07017543859649122
196,0.0,0.040935672514619936,0.015075376884422065,0.08187134502923976
197,0.0,0.040935672514619936,0.017587939698492483,0.07017543859649122
198,0.0,0.040935672514619936,0.025125628140703515,0.07602339181286555
199,0.0,0.040935672514619936,0.015075376884422065,0.08187134502923976
200,0.0,0.040935672514619936,0.022613065326633208,0.07017543859649122
201,0.0,0.040935672514619936,0.015075376884422065,0.08187134502923976
202,0.0,0.040935672514619936,0.03015075376884424,0.07602339181286555
203,0.0,0.040935672514619936,0.012562814070351758,0.07602339181286555
204,0.0,0.040935672514619936,0.025125628140703515,0.07602339181286555
205,0.0,0.040935672514619936,0.012562814070351758,0.07602339181286555
206,0.0,0.040935672514619936,0.022613065326633208,0.07602339181286555
207,0.0,0.040935672514619936,0.027638190954773822,0.07602339181286555
208,0.0,0.040935672514619936,0.022613065326633208,0.07602339181286555
209,0.0,0.040935672514619936,0.027638190954773822,0.07602339181286555
210,0.0,0.040935672514619936,0.022613065326633208,0.07602339181286555
211,0.0,0.040935672514619936,0.027638190954773822,0.07602339181286555
212,0.0,0.040935672514619936,0.017587939698492483,0.08187134502923976
213,0.0,0.040935672514619936,0.022613065326633208,0.07017543859649122
214,0.0,0.040935672514619936,0.015075376884422065,0.08187134502923976
215,0.0,0.040935672514619936,0.017587939698492483,0.07017543859649122
216,0.0,0.040935672514619936,0.012562814070351758,0.08187134502923976
217,0.0,0.040935672514619936,0.017587939698492483,0.07602339181286555
218,0.0,0.040935672514619936,0.015075376884422065,0.08187134502923976
219,0.0,0.040935672514619936,0.015075376884422065,0.08187134502923976
220,0.0,0.040935672514619936,0.015075376884422065,0.07602339181286555
221,0.0,0.040935672514619936,0.015075376884422065,0.08187134502923976
222,0.0,0.040935672514619936,0.015075376884422065,0.08187134502923976
223,0.0,0.040935672514619936,0.017587939698492483,0.07017543859649122
224,0.0,0.040935672514619936,0.01005025125628145,0.08187134502923976
225,0.0,0.040935672514619936,0.015075376884422065,0.07602339181286555
226,0.0,0.040935672514619936,0.012562814070351758,0.08187134502923976
227,0.0,0.040935672514619936,0.017587939698492483,0.07602339181286555
228,0.0,0.040935672514619936,0.015075376884422065,0.08187134502923976
229,0.0,0.040935672514619936,0.015075376884422065,0.07602339181286555
230,0.0,0.040935672514619936,0.015075376884422065,0.07602339181286555
231,0.0,0.040935672514619936,0.02010050251256279,0.07602339181286555
232,0.0,0.040935672514619936,0.02010050251256279,0.07602339181286555
233,0.0,0.040935672514619936,0.015075376884422065,0.07017543859649122
234,0.0,0.040935672514619936,0.012562814070351758,0.08187134502923976
235,0.0,0.03508771929824561,0.015075376884422065,0.07602339181286555
236,0.0,0.040935672514619936,0.007537688442211032,0.08187134502923976
237,0.0,0.040935672514619936,0.012562814070351758,0.07602339181286555
238,0.0,0.040935672514619936,0.007537688442211032,0.08187134502923976
239,0.0,0.040935672514619936,0.01005025125628145,0.07602339181286555
240,0.0,0.040935672514619936,0.012562814070351758,0.08187134502923976
241,0.0,0.040935672514619936,0.01005025125628145,0.08187134502923976
242,0.0,0.040935672514619936,0.01005025125628145,0.08187134502923976
243,0.0,0.040935672514619936,0.01005025125628145,0.08187134502923976
244,0.0,0.040935672514619936,0.007537688442211032,0.08187134502923976
245,0.0,0.040935672514619936,0.012562814070351758,0.08187134502923976
246,0.0,0.040935672514619936,0.01005025125628145,0.08187134502923976
247,0.0,0.040935672514619936,0.01005025125628145,0.08187134502923976
248,0.0,0.040935672514619936,0.012562814070351758,0.08187134502923976
249,0.0,0.040935672514619936,0.007537688442211032,0.08187134502923976
250,0.0,0.040935672514619936,0.012562814070351758,0.08771929824561409
251,0.0,0.040935672514619936,0.01005025125628145,0.08187134502923976
252,0.0,0.040935672514619936,0.012562814070351758,0.08187134502923976
253,0.0,0.040935672514619936,0.01005025125628145,0.08187134502923976
254,0.0,0.040935672514619936,0.012562814070351758,0.08187134502923976
255,0.0,0.040935672514619936,0.007537688442211032,0.08187134502923976
256,0.0,0.040935672514619936,0.012562814070351758,0.07602339181286555
257,0.0,0.040935672514619936,0.005025125628140725,0.08771929824561409
258,0.0,0.040935672514619936,0.01005025125628145,0.08771929824561409
259,0.0,0.040935672514619936,0.005025125628140725,0.08771929824561409
260,0.0,0.040935672514619936,0.012562814070351758,0.08187134502923976
261,0.0,0.040935672514619936,0.007537688442211032,0.08187134502923976
262,0.0,0.040935672514619936,0.007537688442211032,0.08187134502923976
263,0.0,0.040935672514619936,0.007537688442211032,0.07602339181286555
264,0.0,0.040935672514619936,0.005025125628140725,0.08187134502923976
265,0.0,0.040935672514619936,0.005025125628140725,0.07602339181286555
266,0.0,0.040935672514619936,0.01005025125628145,0.07017543859649122
267,0.0,0.040935672514619936,0.005025125628140725,0.08187134502923976
268,0.0,0.040935672514619936,0.01005025125628145,0.07602339181286555
269,0.0,0.040935672514619936,0.005025125628140725,0.08771929824561409
270,0.0,0.040935672514619936,0.007537688442211032,0.08771929824561409
271,0.0,0.040935672514619936,0.005025125628140725,0.08771929824561409
272,0.0,0.040935672514619936,0.007537688442211032,0.08187134502923976
273,0.0,0.040935672514619936,0.005025125628140725,0.08771929824561409
274,0.0,0.040935672514619936,0.007537688442211032,0.08187134502923976
275,0.0,0.040935672514619936,0.005025125628140725,0.08771929824561409
276,0.0,0.040935672514619936,0.007537688442211032,0.08187134502923976
277,0.0,0.040935672514619936,0.005025125628140725,0.08771929824561409
278,0.0,0.040935672514619936,0.007537688442211032,0.08187134502923976
279,0.0,0.040935672514619936,0.005025125628140725,0.08771929824561409
280,0.0,0.040935672514619936,0.007537688442211032,0.08187134502923976
281,0.0,0.040935672514619936,0.007537688442211032,0.08771929824561409
282,0.0,0.040935672514619936,0.007537688442211032,0.08187134502923976
283,0.0,0.040935672514619936,0.005025125628140725,0.08771929824561409
284,0.0,0.040935672514619936,0.005025125628140725,0.08187134502923976
285,0.0,0.040935672514619936,0.005025125628140725,0.0935672514619883
286,0.0,0.040935672514619936,0.005025125628140725,0.08187134502923976
287,0.0,0.040935672514619936,0.005025125628140725,0.0935672514619883
288,0.0,0.040935672514619936,0.005025125628140725,0.08187134502923976
289,0.0,0.040935672514619936,0.005025125628140725,0.0935672514619883
290,0.0,0.040935672514619936,0.005025125628140725,0.08187134502923976
291,0.0,0.040935672514619936,0.005025125628140725,0.0935672514619883
292,0.0,0.040935672514619936,0.007537688442211032,0.08771929824561409
293,0.0,0.040935672514619936,0.002512562814070307,0.08187134502923976
294,0.0,0.040935672514619936,0.005025125628140725,0.08771929824561409
295,0.0,0.040935672514619936,0.005025125628140725,0.08771929824561409
296,0.0,0.040935672514619936,0.005025125628140725,0.08771929824561409
297,0.0,0.040935672514619936,0.005025125628140725,0.08771929824561409
298,0.0,0.040935672514619936,0.005025125628140725,0.08771929824561409
299,0.0,0.040935672514619936,0.005025125628140725,0.08771929824561409
300,0.0,0.040935672514619936,0.005025125628140725,0.08771929824561409
301,0.0,0.040935672514619936,0.002512562814070307,0.08187134502923976
302,0.0,0.040935672514619936,0.005025125628140725,0.08771929824561409
303,0.0,0.040935672514619936,0.005025125628140725,0.08771929824561409
304,0.0,0.040935672514619936,0.005025125628140725,0.08771929824561409
305,0.0,0.03508771929824561,0.002512562814070307,0.08187134502923976
306,0.0,0.040935672514619936,0.005025125628140725,0.08771929824561409
307,0.0,0.03508771929824561,0.002512562814070307,0.08187134502923976
308,0.0,0.040935672514619936,0.005025125628140725,0.08771929824561409
309,0.0,0.040935672514619936,0.002512562814070307,0.08187134502923976
310,0.0,0.040935672514619936,0.007537688442211032,0.08771929824561409
311,0.0,0.040935672514619936,0.002512562814070307,0.08187134502923976
312,0.0,0.040935672514619936,0.005025125628140725,0.08187134502923976
313,0.0,0.040935672514619936,0.002512562814070307,0.08187134502923976
314,0.0,0.040935672514619936,0.005025125628140725,0.07602339181286555
315,0.0,0.040935672514619936,0.007537688442211032,0.08187134502923976
316,0.0,0.040935672514619936,0.007537688442211032,0.07602339181286555
317,0.0,0.040935672514619936,0.005025125628140725,0.0935672514619883
318,0.0,0.040935672514619936,0.005025125628140725,0.08187134502923976
319,0.0,0.03508771929824561,0.002512562814070307,0.0935672514619883
320,0.0,0.03508771929824561,0.002512562814070307,0.08771929824561409
321,0.0,0.03508771929824561,0.002512562814070307,0.0935672514619883
322,0.0,0.03508771929824561,0.002512562814070307,0.0935672514619883
323,0.0,0.03508771929824561,0.002512562814070307,0.0935672514619883
324,0.0,0.03508771929824561,0.002512562814070307,0.0935672514619883
325,0.0,0.040935672514619936,0.002512562814070307,0.08771929824561409
326,0.0,0.03508771929824561,0.002512562814070307,0.08771929824561409
327,0.0,0.03508771929824561,0.002512562814070307,0.0935672514619883
328,0.0,0.03508771929824561,0.002512562814070307,0.0935672514619883
329,0.0,0.040935672514619936,0.002512562814070307,0.0935672514619883
330,0.0,0.03508771929824561,0.002512562814070307,0.08771929824561409
331,0.0,0.040935672514619936,0.002512562814070307,0.0935672514619883
332,0.0,0.03508771929824561,0.002512562814070307,0.08771929824561409
333,0.0,0.03508771929824561,0.002512562814070307,0.0935672514619883
334,0.0,0.03508771929824561,0.002512562814070307,0.08771929824561409
335,0.0,0.03508771929824561,0.002512562814070307,0.08771929824561409
336,0.0,0.03508771929824561,0.002512562814070307,0.08187134502923976
337,0.0,0.03508771929824561,0.002512562814070307,0.08771929824561409
338,0.0,0.03508771929824561,0.002512562814070307,0.08187134502923976
339,0.0,0.03508771929824561,0.002512562814070307,0.08771929824561409
340,0.0,0.03508771929824561,0.002512562814070307,0.08771929824561409
341,0.0,0.03508771929824561,0.002512562814070307,0.08187134502923976
342,0.0,0.03508771929824561,0.002512562814070307,0.0935672514619883
343,0.0,0.03508771929824561,0.002512562814070307,0.08187134502923976
344,0.0,0.03508771929824561,0.002512562814070307,0.0935672514619883
345,0.0,0.040935672514619936,0.002512562814070307,0.08771929824561409
346,0.0,0.03508771929824561,0.002512562814070307,0.0935672514619883
347,0.0,0.040935672514619936,0.002512562814070307,0.08771929824561409
348,0.0,0.040935672514619936,0.002512562814070307,0.0935672514619883
349,0.0,0.040935672514619936,0.002512562814070307,0.08771929824561409
350,0.0,0.03508771929824561,0.002512562814070307,0.07602339181286555
351,0.0,0.040935672514619936,0.002512562814070307,0.08187134502923976
352,0.0,0.040935672514619936,0.002512562814070307,0.08771929824561409
353,0.0,0.040935672514619936,0.002512562814070307,0.08187134502923976
354,0.0,0.040935672514619936,0.002512562814070307,0.08187134502923976
355,0.0,0.040935672514619936,0.002512562814070307,0.08187134502923976
356,0.0,0.040935672514619936,0.002512562814070307,0.07602339181286555
357,0.0,0.040935672514619936,0.002512562814070307,0.08187134502923976
358,0.0,0.040935672514619936,0.002512562814070307,0.07602339181286555
359,0.0,0.040935672514619936,0.002512562814070307,0.08187134502923976
360,0.0,0.040935672514619936,0.002512562814070307,0.08187134502923976
361,0.0,0.040935672514619936,0.0,0.08771929824561409
362,0.0,0.040935672514619936,0.002512562814070307,0.0935672514619883
363,0.0,0.040935672514619936,0.0,0.08771929824561409
364,0.0,0.040935672514619936,0.0,0.0935672514619883
365,0.0,0.040935672514619936,0.0,0.08187134502923976
366,0.0,0.040935672514619936,0.0,0.08771929824561409
367,0.0,0.040935672514619936,0.0,0.08771929824561409
368,0.0,0.040935672514619936,0.0,0.08771929824561409
369,0.0,0.040935672514619936,0.0,0.08771929824561409
370,0.0,0.0292397660818714,0.0,0.08771929824561409
371,0.0,0.040935672514619936,0.002512562814070307,0.0935672514619883
372,0.0,0.03508771929824561,0.0,0.08771929824561409
373,0.0,0.03508771929824561,0.002512562814070307,0.09941520467836262
374,0.0,0.03508771929824561,0.0,0.0935672514619883
375,0.0,0.040935672514619936,0.0,0.09941520467836262
376,0.0,0.040935672514619936,0.0,0.08771929824561409
377,0.0,0.040935672514619936,0.002512562814070307,0.09941520467836262
378,0.0,0.040935672514619936,0.0,0.0935672514619883
379,0.0,0.040935672514619936,0.002512562814070307,0.09941520467836262
380,0.0,0.040935672514619936,0.0,0.0935672514619883
381,0.0,0.040935672514619936,0.002512562814070307,0.09941520467836262
382,0.0,0.040935672514619936,0.0,0.0935672514619883
383,0.0,0.040935672514619936,0.002512562814070307,0.09941520467836262
384,0.0,0.040935672514619936,0.0,0.09941520467836262
385,0.0,0.040935672514619936,0.002512562814070307,0.10526315789473684
386,0.0,0.040935672514619936,0.0,0.09941520467836262
387,0.0,0.040935672514619936,0.0,0.10526315789473684
388,0.0,0.040935672514619936,0.0,0.09941520467836262
389,0.0,0.040935672514619936,0.0,0.11695906432748537
390,0.0,0.040935672514619936,0.0,0.11111111111111116
391,0.0,0.040935672514619936,0.0,0.11111111111111116
392,0.0,0.040935672514619936,0.0,0.11111111111111116
393,0.0,0.040935672514619936,0.0,0.11111111111111116
394,0.0,0.040935672514619936,0.0,0.09941520467836262
395,0.0,0.03508771929824561,0.0,0.11111111111111116
396,0.0,0.040935672514619936,0.0,0.10526315789473684
397,0.0,0.040935672514619936,0.0,0.11111111111111116
398,0.0,0.040935672514619936,0.0,0.10526315789473684
399,0.0,0.040935672514619936,0.0,0.11111111111111116
400,0.0,0.040935672514619936,0.0,0.10526315789473684
