iter,sd_residuo,mae_residuo,peso_obs,mse_train,mse_test
1,78.41098032914032,66.71392214157791,0.003236245954692557,5634.175155427829,5040.804963406156
2,75.06114277992195,64.16699761836172,0.003236245954692557,5212.563171589539,4701.85822319181
3,72.19808288029218,61.934431091749246,0.003236245954692557,4868.132627058474,4443.889943339349
4,69.7720046082845,60.030614706117575,0.003236245954692557,4562.928770049024,4192.393333913204
5,67.54945425426487,58.32654571734561,0.003236245954692557,4309.597694339836,3943.0036470122695
6,65.6475261859869,56.77940587373899,0.003236245954692557,4081.390808311382,3755.827676978671
7,63.885763737403835,55.365938135091284,0.003236245954692557,3896.305401535786,3608.5134148149755
8,62.420392513471,54.14825713169357,0.003236245954692557,3731.3711763546985,3451.489106088605
9,61.084950489909524,52.968395500971525,0.003236245954692557,3585.367498471405,3372.038212331842
10,59.877938328497955,51.833768481554095,0.003236245954692557,3465.9030980671314,3228.2694527207814
11,58.87192113450292,50.86252903107024,0.003236245954692557,3357.0984625840624,3169.513415223861
12,57.940473441145286,49.96259564037018,0.003236245954692557,3261.0222112120205,3112.0469309510295
13,57.10536061712613,49.175331036563755,0.003236245954692557,3174.3669214666356,3093.1548100135838
14,56.341520404286534,48.54879567110862,0.003236245954692557,3094.5281256186727,3064.390140903651
15,55.628483042580555,47.92742317098144,0.003236245954692557,3027.6290395520223,2979.761755196761
16,55.0238951688448,47.310094879858816,0.003236245954692557,2967.6116245145727,2946.934482712993
17,54.47578934273989,46.7905641410559,0.003236245954692557,2913.8245596567003,2905.109414784834
18,53.97985327561294,46.24549189320955,0.003236245954692557,2862.8293459181828,2886.7921424123724
19,53.505414173877604,45.846994510555945,0.003236245954692557,2811.8619813272508,2850.4974714753903
20,53.0269929500745,45.33098934745605,0.003236245954692557,2769.6475840175567,2821.682298195109
21,52.62744135921446,44.8840066673879,0.003236245954692557,2731.0894518214513,2814.242388511561
22,52.259826366162486,44.4825365135574,0.003236245954692557,2692.291052912846,2797.038405815357
23,51.88729182480857,44.20565956711313,0.003236245954692557,2659.2774070035766,2805.3554190425175
24,51.56818211846891,43.95613732863147,0.003236245954692557,2613.6806348714294,2795.953902512127
25,51.12416879394157,43.563771127904715,0.003236245954692557,2581.078478739666,2779.2610341464215
26,50.80431555231963,43.24585345983584,0.003236245954692557,2552.9288822772014,2763.087129748804
27,50.52651662520583,43.008743420091065,0.003236245954692557,2523.3288953631795,2763.7031400871247
28,50.23274724085056,42.735982878450216,0.003236245954692557,2498.9945911366817,2767.759626592915
29,49.98994490031652,42.485194390960785,0.003236245954692557,2477.223130690315,2752.5314611181325
30,49.77171014432109,42.23505985476105,0.003236245954692557,2453.009610575272,2750.150702606194
31,49.52786701015169,41.99473655636498,0.003236245954692557,2414.3606680505577,2727.90532214609
32,49.136144212285906,41.61533792666525,0.003236245954692557,2393.9467674130883,2734.004700038179
33,48.92797530465662,41.436718728087634,0.003236245954692557,2367.5332160093317,2735.144160376696
34,48.6573038300452,41.20849174643942,0.003236245954692557,2338.0650014173966,2734.2587166388385
35,48.35354176704532,40.92836780227521,0.003236245954692557,2307.8529361915,2715.3168674969925
36,48.04011798686073,40.60223033322225,0.003236245954692557,2290.1053956697883,2700.3623603926553
37,47.85504566573715,40.37164782962303,0.003236245954692557,2275.5704497289885,2692.61257235597
38,47.7029396340413,40.20039350471503,0.003236245954692557,2260.339189934025,2686.182509147218
39,47.54302461911763,40.01954489613522,0.003236245954692557,2242.5212585383497,2706.1877971565386
40,47.35526642875478,39.8669647539918,0.003236245954692557,2226.358311904459,2710.837566555097
41,47.18430154091992,39.69603833219468,0.003236245954692557,2203.939659901047,2712.904937351395
42,46.94613572916356,39.48254900728089,0.003236245954692557,2194.645933581121,2715.131633429718
43,46.84704829101959,39.39186702737015,0.003236245954692557,2185.7265987455344,2706.3195601525263
44,46.751755033854444,39.3064473184043,0.003236245954692557,2172.916317458997,2709.3844309758338
45,46.6145504907963,39.1583832360959,0.003236245954692557,2140.718358811554,2719.753468073389
46,46.26789771333418,38.97921780509399,0.003236245954692557,2120.73057129466,2723.4584222616527
47,46.05139054680824,38.78240017063795,0.003236245954692557,2109.01223583391,2720.170959486594
48,45.923983231356466,38.61654776431443,0.003236245954692557,2095.3036986281463,2724.502723676282
49,45.77448742070354,38.49577842591927,0.003236245954692557,2078.722626280452,2710.944916132876
50,45.59301071743839,38.28633909915172,0.003236245954692557,2061.2802232408467,2713.820438940031
51,45.40132402519608,38.10100391092134,0.003236245954692557,2052.7588455321043,2714.4617582349915
52,45.307381799571075,37.99177588741941,0.003236245954692557,2037.231664394064,2712.2130558273757
53,45.13570276836358,37.895795951128214,0.003236245954692557,2020.2491924698525,2689.8447041585105
54,44.94718225283819,37.73463298772505,0.003236245954692557,2008.751600612955,2678.603253495751
55,44.81909861446295,37.593763957871424,0.003236245954692557,1999.6359068746485,2686.2478407095728
56,44.71728867982325,37.48749949235822,0.003236245954692557,1985.4614805910987,2689.6682787416867
57,44.558517486459294,37.3349437761177,0.003236245954692557,1979.1154351962796,2692.8143613568955
58,44.48725025438502,37.25386771942004,0.003236245954692557,1972.2363328160625,2685.743683440707
59,44.40986751630838,37.14726594803023,0.003236245954692557,1966.6765861893134,2680.306548851651
60,44.34722749157284,37.07723890545293,0.003236245954692557,1958.8386109057724,2687.3624173270955
61,44.2587687459307,36.98826138903689,0.003236245954692557,1952.1824658008986,2691.9788422435076
62,44.18350898017153,36.918429785166715,0.003236245954692557,1936.5751463825404,2702.3294063552758
63,44.006535269009085,36.7587466893903,0.003236245954692557,1924.3038732933662,2710.8348691759843
64,43.86688811955284,36.5939511653496,0.003236245954692557,1919.414293199742,2714.101614972533
65,43.811120656743554,36.53450622580416,0.003236245954692557,1897.7425901154238,2729.467115316184
66,43.56308747225596,36.38630664855265,0.003236245954692557,1876.0629622668343,2741.913889037644
67,43.31354248115518,36.195134749387094,0.003236245954692557,1863.5239175934823,2734.5703258160747
68,43.16855241484804,36.07163945114699,0.003236245954692557,1853.3076686456586,2739.3816674963277
69,43.050060030685884,35.97505949068521,0.003236245954692557,1843.5381905554227,2745.232979864435
70,42.93644361792698,35.850046928128606,0.003236245954692557,1837.194220451006,2749.1885056453143
71,42.862503665220096,35.75221750083879,0.003236245954692557,1824.2039858336293,2743.7711050788394
72,42.71070106932956,35.61664515567117,0.003236245954692557,1815.0682608997004,2748.2121948413724
73,42.603617932045395,35.543632198929856,0.003236245954692557,1803.3981530583185,2737.4934718391064
74,42.46643560576186,35.42711730195646,0.003236245954692557,1793.0861598506222,2741.515613569626
75,42.34484809100893,35.30056421286967,0.003236245954692557,1789.3297028107072,2744.86562912797
76,42.300469297759655,35.251276015074225,0.003236245954692557,1778.4598252501967,2748.813932335045
77,42.17178944804449,35.09337808598861,0.003236245954692557,1771.6143306824752,2752.482990131189
78,42.09054918485236,35.01748873837491,0.003236245954692557,1767.6991089757632,2744.3956535684
79,42.044013949381224,34.97380022913652,0.003236245954692557,1762.5162432533305,2747.972237367083
80,41.982332513252885,34.87198895545537,0.003236245954692557,1758.3546368411598,2752.0418244460607
81,41.93273943878649,34.81776571459839,0.003236245954692557,1741.689766364958,2764.5715230310393
82,41.7335568381723,34.65286204146368,0.003236245954692557,1732.680993583854,2761.7173911639306
83,41.62548490508974,34.572573209800105,0.003236245954692557,1729.3969914260674,2764.499985835604
84,41.586019182245224,34.564315339767646,0.003236245954692557,1722.431435680721,2767.173254313491
85,41.50218591448794,34.45346210710817,0.003236245954692557,1712.5557161389993,2762.855755536146
86,41.383036574652174,34.343661568116666,0.003236245954692557,1702.8830409415734,2755.4223293132345
87,41.266003452497955,34.206234980520556,0.003236245954692557,1697.0390092277678,2755.405731874256
88,41.19513331969892,34.11551152935247,0.003236245954692557,1689.4946150949477,2755.8140962265015
89,41.10346232490576,34.05799520671813,0.003236245954692557,1684.8361393564605,2757.920196494098
90,41.046755527769314,33.995275018093054,0.003236245954692557,1681.7020566346644,2751.5429794482775
91,41.00856077253461,33.956055155190434,0.003236245954692557,1668.9978961982497,2774.1257275452754
92,40.85337068343627,33.830553091982885,0.003236245954692557,1656.6549763854496,2770.772209374743
93,40.702026686461814,33.69431961473095,0.003236245954692557,1644.166207713832,2771.11013040881
94,40.548319419105795,33.592273692920685,0.003236245954692557,1640.4963454482852,2773.528049462705
95,40.50304118764769,33.56050372902857,0.003236245954692557,1632.5306162482439,2766.0083753482436
96,40.40458657440073,33.47459942213645,0.003236245954692557,1629.099471694307,2765.5236784317835
97,40.36210440121163,33.40800112919822,0.003236245954692557,1625.7971100303107,2766.515946341789
98,40.321174462437355,33.37178914738133,0.003236245954692557,1621.2009662117832,2766.4891215981474
99,40.26413995370798,33.290728238748095,0.003236245954692557,1615.921295987862,2774.713215883803
100,40.19852355482552,33.23965196106987,0.003236245954692557,1608.1935116787313,2771.4312752092796
101,40.10228811026537,33.153605058226894,0.003236245954692557,1598.5661445333228,2781.5026977287057
102,39.98207278935552,33.03047029586865,0.003236245954692557,1596.0016998013155,2776.8643363402566
103,39.949989984996435,32.99510379915476,0.003236245954692557,1592.3184072925771,2780.6552680124305
104,39.90386456588606,32.91111863549533,0.003236245954692557,1585.075204808614,2779.2703714807863
105,39.813002961452355,32.83173959688646,0.003236245954692557,1575.3304574631459,2779.6955724714194
106,39.69043282030502,32.717257954816816,0.003236245954692557,1571.6554105368234,2779.674737977413
107,39.64410940526756,32.65833735490201,0.003236245954692557,1566.7781726742219,2782.9952694743206
108,39.582548840040886,32.616438905460974,0.003236245954692557,1556.0989651943612,2778.592003319756
109,39.44742026032071,32.52393922728473,0.003236245954692557,1546.045668538645,2779.857431371881
110,39.3197872392342,32.38823181014815,0.003236245954692557,1541.657031783293,2781.9760271541127
111,39.26394060436742,32.306195754738745,0.003236245954692557,1535.703522910408,2784.6876350244265
112,39.188053318714466,32.22023049330363,0.003236245954692557,1526.9567816384313,2793.061893110904
113,39.07629436932872,32.11412342184866,0.003236245954692557,1524.4483471865492,2793.5750326557604
114,39.04418455015483,32.09442061291332,0.003236245954692557,1512.1537444130324,2795.007543735124
115,38.88642108002525,31.92730354327426,0.003236245954692557,1505.2840691061183,2798.61641155308
116,38.797990529228684,31.843627410289155,0.003236245954692557,1500.2123663616017,2797.146282478426
117,38.73257500298168,31.771710077656312,0.003236245954692557,1497.9639875657779,2794.7863378374896
118,38.70353972914852,31.735955131532275,0.003236245954692557,1489.2991509472026,2803.6837087000704
119,38.591438829709396,31.636513096298597,0.003236245954692557,1484.633457384736,2806.8739212476416
120,38.53094155850251,31.593939762994744,0.003236245954692557,1474.1613692086673,2817.526524058759
121,38.39480914405836,31.456558509136908,0.003236245954692557,1467.6494991812037,2815.92543436259
122,38.30991384982748,31.403180077558968,0.003236245954692557,1462.3941521819193,2818.6200412422686
123,38.24126242923891,31.3272656864891,0.003236245954692557,1454.4246397566176,2815.850895331692
124,38.13691964168865,31.22653582476363,0.003236245954692557,1452.391295579626,2819.562305335322
125,38.11025184356076,31.20414351483442,0.003236245954692557,1444.034150584569,2833.012956068834
126,38.00044934714021,31.1155825329468,0.003236245954692557,1442.0959701550848,2829.1025732840303
127,37.97493871166989,31.08474633235329,0.003236245954692557,1436.766202685508,2839.2779323282857
128,37.90469895257721,31.02334958266971,0.003236245954692557,1427.9730852478842,2852.4846898529117
129,37.78853113376973,30.90316208731244,0.003236245954692557,1420.4169573017011,2853.26818734065
130,37.68841940572331,30.834025198244067,0.003236245954692557,1414.0791931205076,2852.7053817684327
131,37.60424434981386,30.74569731848434,0.003236245954692557,1405.411799272291,2848.5521590495314
132,37.488822324424795,30.652726866887424,0.003236245954692557,1399.3809270328295,2848.043154070486
133,37.40830024249738,30.575277631965236,0.003236245954692557,1392.8395037075434,2846.997777653942
134,37.320765047189795,30.516993707543314,0.003236245954692557,1385.4243046193385,2859.7043828642845
135,37.22128832562541,30.40910552570164,0.003236245954692557,1376.8068295028609,2861.189830948859
136,37.10534772108814,30.320076300472003,0.003236245954692557,1372.376314457266,2867.9794528712046
137,37.045597774327604,30.266764133003075,0.003236245954692557,1370.6751337511425,2868.488503314197
138,37.02263002207086,30.225578169559057,0.003236245954692557,1369.0013564142146,2866.5341854637577
139,37.000018329917275,30.216640238516614,0.003236245954692557,1361.2872053349536,2870.2699090246256
140,36.895625829289756,30.111881692787897,0.003236245954692557,1357.4576756935924,2873.4371760536415
141,36.84369248180199,30.084460171355826,0.003236245954692557,1349.7741877877656,2870.7717270909247
142,36.73927309824958,29.991545317549644,0.003236245954692557,1342.5555029254012,2867.683546494422
143,36.6408993192771,29.918833810184395,0.003236245954692557,1340.999396156562,2864.8810426795703
144,36.61965860240319,29.891139127718507,0.003236245954692557,1337.2542497428276,2867.449584918707
145,36.56848711312553,29.834153562941836,0.003236245954692557,1327.0553751950486,2866.4173228023224
146,36.428771255630465,29.683508066450777,0.003236245954692557,1322.451970625069,2865.0932913572733
147,36.36553272846513,29.593986041512924,0.003236245954692557,1320.477723662372,2862.6307577493485
148,36.338378109959336,29.56731371812885,0.003236245954692557,1314.1442765484192,2861.5576450787626
149,36.25112793484389,29.488082329245113,0.003236245954692557,1312.3952119934133,2865.311529687472
150,36.22699562471905,29.463308327477627,0.003236245954692557,1309.014736306864,2869.4459097133017
151,36.18030868175207,29.428025930179565,0.003236245954692557,1307.4568532990208,2867.6001922803603
152,36.15877284005945,29.40496173139363,0.003236245954692557,1303.1064951519409,2877.1144090732314
153,36.09856638638078,29.36149413579212,0.003236245954692557,1297.1946224284472,2883.277167998931
154,36.01658815640992,29.29082375790939,0.003236245954692557,1288.8389522486618,2883.1332493781697
155,35.90040323239646,29.160928739883367,0.003236245954692557,1282.4602244214768,2888.2948476838783
156,35.811453816083436,29.06756966553219,0.003236245954692557,1277.6092068444705,2886.797087378042
157,35.743659673352845,29.00588070185499,0.003236245954692557,1272.647042417748,2885.2709784940066
158,35.67417893123468,28.954919407951078,0.003236245954692557,1271.2445774778926,2890.274071418846
159,35.65451692952651,28.9321694462242,0.003236245954692557,1269.8005119337918,2886.9541801124155
160,35.63426036742999,28.906907890768796,0.003236245954692557,1268.437042537494,2886.94929946677
161,35.61512378944504,28.88883950281508,0.003236245954692557,1260.8311305267632,2876.777252283611
162,35.508183993648046,28.792663729431816,0.003236245954692557,1254.7745134848033,2885.6008597974514
163,35.42279652264631,28.7464344811486,0.003236245954692557,1249.9661504166581,2882.5314157939806
164,35.35486035068811,28.673814845491634,0.003236245954692557,1244.7598813524444,2882.558582212684
165,35.28115476217359,28.581333599161887,0.003236245954692557,1238.2662211082,2884.3878601806073
166,35.18900710602958,28.510487639544934,0.003236245954692557,1233.4663494232793,2881.8377832432693
167,35.12073959106328,28.452101085223227,0.003236245954692557,1228.472681666796,2881.829030125921
168,35.04957462889951,28.400929002259343,0.003236245954692557,1227.2461575271043,2881.1655722838054
169,35.03207326903597,28.37393154796243,0.003236245954692557,1226.059107601013,2883.1968324843738
170,35.015126839710476,28.364721793706188,0.003236245954692557,1222.9491742515552,2884.209833792155
171,34.970690216973914,28.320180788716215,0.003236245954692557,1221.5660711264643,2884.511818229364
172,34.95090944634294,28.301174518755595,0.003236245954692557,1214.7704151603846,2883.2742996813854
173,34.85355670746365,28.171699698471414,0.003236245954692557,1213.4025872825698,2883.7547075900484
174,34.833928679989135,28.14728547332681,0.003236245954692557,1211.5154406132863,2883.791835784083
175,34.806830372978325,28.112325020236078,0.003236245954692557,1208.6303605606267,2889.86262509249
176,34.765361504817214,28.086147606494364,0.003236245954692557,1203.5750658680693,2892.9124316191665
177,34.69257940638126,28.024192135506283,0.003236245954692557,1197.3974818011316,2894.865427317828
178,34.60343164775904,27.953394905735333,0.003236245954692557,1196.0598691289158,2893.4923083933286
179,34.58409850102957,27.93233642693479,0.003236245954692557,1192.7300977548205,2893.5085765257454
180,34.5359247415618,27.872933696865058,0.003236245954692557,1188.9662234060493,2902.103751876317
181,34.481389522553314,27.818272162742932,0.003236245954692557,1187.4895884548373,2901.670745644666
182,34.45997081331958,27.79682194772291,0.003236245954692557,1183.429761495093,2902.961008890515
183,34.40101396027584,27.726517846279176,0.003236245954692557,1179.5036972827945,2901.762154803013
184,34.34390334954364,27.68153202102353,0.003236245954692557,1173.5830922771756,2895.1324219880457
185,34.25759904425842,27.589934703119592,0.003236245954692557,1168.9673413481103,2890.117413533891
186,34.190164394868155,27.561861289831768,0.003236245954692557,1167.9036477923833,2894.784329522864
187,34.17460530558302,27.54084893155186,0.003236245954692557,1163.78411737273,2892.7325347076016
188,34.11428025582146,27.48245896840922,0.003236245954692557,1160.4283389395155,2902.0833722345383
189,34.065060383617634,27.444344962855457,0.003236245954692557,1156.874797138079,2900.0200678279257
190,34.01286223089846,27.38920728953075,0.003236245954692557,1155.2577509626956,2900.059984541386
191,33.98908282026297,27.356762132075144,0.003236245954692557,1149.8941098997805,2901.036846938351
192,33.91008861533364,27.265783792876945,0.003236245954692557,1148.8419020575632,2901.444524105683
193,33.89457039198997,27.24402452986451,0.003236245954692557,1147.7178394433092,2900.117997187858
194,33.877984583550855,27.22144577264776,0.003236245954692557,1142.022593619629,2892.1278053553337
195,33.79382478530107,27.152480242457468,0.003236245954692557,1136.9807824016439,2895.869890489486
196,33.719145635701445,27.12182355475729,0.003236245954692557,1135.9376990958265,2894.709723510027
197,33.70367486040397,27.09909796622837,0.003236245954692557,1131.714056001452,2901.7414316271784
198,33.6409580125396,27.053847243426958,0.003236245954692557,1127.9732866758227,2898.6923077659308
199,33.58531355631242,26.977036977577498,0.003236245954692557,1123.555825156243,2899.228381820749
200,33.51948426148951,26.910234150826984,0.003236245954692557,1118.151203695459,2897.310988282614
