v,n_estimators,mse_test
1.0,50,5584.228868646908
1.0,100,6041.51036851972
1.0,250,5814.251980024414
1.0,500,5845.171921883941
1.0,1000,5844.703334550168
0.5,50,3625.922693316925
0.5,100,4041.10210290379
0.5,250,4526.479528912666
0.5,500,4752.427716444703
0.5,1000,4804.898025017001
0.1,50,2713.8204389400307
0.1,100,2770.239271626856
0.1,250,2961.2418841829417
0.1,500,3273.63917258413
0.1,1000,3793.3925249523822
0.05,50,2809.8409331630937
0.05,100,2739.740643128901
0.05,250,2845.0059261334864
0.05,500,2972.826004745168
0.05,1000,3268.706196221684
0.01,50,3990.41334531415
0.01,100,3321.8750754365183
0.01,250,2821.8819714313536
0.01,500,2739.2009280277484
0.01,1000,2847.6168149262517
